produto,preco
Cerveja Pure Gold Long Neck Stella Artois Sem Glúten 330 Ml,"R$ 6,49"
Cerveja Dark Lager Cusqueña 330 Ml,"R$ 9,99"
Cerveja Lager Amstel Lata 350 Ml,"R$ 3,99"
Cerveja Puro Malte Heineken Lata 350ml,"R$ 5,99"
Cerveja Puro Malte Heineken Long Neck 330 Ml,"R$ 6,99"
Cerveja Zero Alcool Heineken 350 Ml,"R$ 5,99"
Cerveja Stella Long Neck 330 Ml,"R$ 6,49"
Cerveja Budweiser Long Neck 330 Ml,"R$ 5,99"
Cerveja Heineken Sem Álcool Long Neck 330 Ml,"R$ 6,99"
Cerveja Golden Lager Cusqueña 330 Ml,"R$ 8,99"
Cerveja Corona Extra Long Neck 330 Ml,"R$ 7,99"
Cerveja Duplo Malte Brahma 350 Ml,"R$ 4,49"
Cerveja Lager German Pilsner Louvada 500 Ml,"R$ 17,99"
Cerveja Puro Malte Heineken Garrafa 600 Ml,"R$ 13,99"
Cerveja India Pale Ale Louvada 500 Ml,"R$ 19,99"
Cerveja Comendador Growler Pilsen 1l,"R$ 14,99"
Cerveja Premium Hoplager Louvada 355 Ml,"R$ 14,99"
Cerveja American Pale Ale Louvada 500 Ml,"R$ 19,99"
Cerveja Premium Hoplager Louvada 500 Ml,"R$ 17,99"
Cerveja Premium Lager Louvada 500 Ml,"R$ 17,99"
Cerveja American Lager Long Neck Dusza 355 Ml,"R$ 9,99"
Cerveja Amber Vienna Lager Louvada 500 Ml,"R$ 19,99"
Cerveja Premium Lager Louvada 355 Ml,"R$ 11,99"
Cerveja Lager Puro Malte Sem Glúten Amstel Ultra 275 Ml,Preço não encontrado
Cerveja Lager Puro Malte Sem Glúten Amstel Ultra 269 Ml,Preço não encontrado
Cerveja Paulaner Munchner 500 Ml,Preço não encontrado
Cerveja Spaten Long Neck 330 Ml,Preço não encontrado
Cerveja Sem Glúten Stella Artois 330 Ml,Preço não encontrado
Cerveja Malzbier Sem Glúten Farrapos 355 Ml,Preço não encontrado
Cerveja Sem Glúten Pilsen Farrapos 600 Ml,Preço não encontrado
Cerveja Coronita Extra 210 Ml,Preço não encontrado
Cerveja Original 350 Ml,Preço não encontrado
Cerveja Ultra Lata Sleek Michelob 350 Ml,Preço não encontrado
Cerveja Dusza Puro Malte Pilsen 1 L,Preço não encontrado
Cerveja Indian Pale Ale Leopoldina 500 Ml,Preço não encontrado
Cerveja Baden Baden Witbier 600 Ml,Preço não encontrado
Cerveja Nacional Dama Bier Stout 600 Ml,Preço não encontrado
Cerveja Nacional Burgman Ipa Hop 600 Ml,Preço não encontrado
Cerveja Nacional Burgman Lager 600 Ml,Preço não encontrado
Cerveja Praya Witbier 600ml,Preço não encontrado
Cerveja Red Ale Burgman 600ml,Preço não encontrado
Cerveja Bohemian Leopoldina Pilsner 500 Ml,Preço não encontrado
Cerveja Witbier Leopoldina 500 Ml,Preço não encontrado
Cerveja Red Ale Leopoldina 500 Ml,Preço não encontrado
Cerveja Paulaner Weissbier 500 Ml,Preço não encontrado
Cerveja Baden Baden Ipa American 600 Ml,Preço não encontrado
Cerveja Nacional Burman Fun Weiss 600 Ml,Preço não encontrado
Cerveja Session Leopoldina 500 Ml,Preço não encontrado
